epoch,loss,lr
0,2.9819977283477783,0.0010204081
